district,District,NOME,UF_SIGLA,REGIAO,LOCAL
1101,Rondônia_CAPITAL,Rondônia,RO,NORTE,CAPITAL
1102,Rondônia_CAPITAL,Rondônia,RO,NORTE,CAPITAL
1103,Rondônia_RESTO_UF,Rondônia,RO,NORTE,RESTO_UF
1104,Rondônia_RESTO_UF,Rondônia,RO,NORTE,RESTO_UF
1105,Rondônia_RESTO_UF,Rondônia,RO,NORTE,RESTO_UF
1106,Rondônia_RESTO_UF,Rondônia,RO,NORTE,RESTO_UF
1107,Rondônia_RESTO_UF,Rondônia,RO,NORTE,RESTO_UF
1108,Rondônia_RURAL,Rondônia,RO,NORTE,RURAL
1109,Rondônia_RURAL,Rondônia,RO,NORTE,RURAL
1110,Rondônia_RURAL,Rondônia,RO,NORTE,RURAL
1111,Rondônia_RURAL,Rondônia,RO,NORTE,RURAL
1201,Acre_CAPITAL,Acre,AC,NORTE,CAPITAL
1201,Acre_CAPITAL,Acre,AC,NORTE,CAPITAL
1202,Acre_RESTO_UF,Acre,AC,NORTE,RESTO_UF
1202,Acre_RESTO_UF,Acre,AC,NORTE,RESTO_UF
1203,Acre_RURAL,Acre,AC,NORTE,RURAL
1204,Acre_RURAL,Acre,AC,NORTE,RURAL
1301,Amazonas_CAPITAL,Amazonas,AM,NORTE,CAPITAL
1302,Amazonas_CAPITAL,Amazonas,AM,NORTE,CAPITAL
1303,Amazonas_CAPITAL,Amazonas,AM,NORTE,CAPITAL
1304,Amazonas_CAPITAL,Amazonas,AM,NORTE,CAPITAL
1305,Amazonas_CAPITAL,Amazonas,AM,NORTE,CAPITAL
1306,Amazonas_CAPITAL,Amazonas,AM,NORTE,CAPITAL
1307,Amazonas_RESTO_RM,Amazonas,AM,NORTE,RESTO_RM
1307,Amazonas_RESTO_RM,Amazonas,AM,NORTE,RESTO_RM
1308,Amazonas_RESTO_UF,Amazonas,AM,NORTE,RESTO_UF
1309,Amazonas_RESTO_UF,Amazonas,AM,NORTE,RESTO_UF
1310,Amazonas_RESTO_UF,Amazonas,AM,NORTE,RESTO_UF
1311,Amazonas_RURAL,Amazonas,AM,NORTE,RURAL
1312,Amazonas_RURAL,Amazonas,AM,NORTE,RURAL
1313,Amazonas_RURAL,Amazonas,AM,NORTE,RURAL
1314,Amazonas_RURAL,Amazonas,AM,NORTE,RURAL
1315,Amazonas_RURAL,Amazonas,AM,NORTE,RURAL
1316,Amazonas_RURAL,Amazonas,AM,NORTE,RURAL
1401,Roraima_CAPITAL,Roraima,RR,NORTE,CAPITAL
1402,Roraima_CAPITAL,Roraima,RR,NORTE,CAPITAL
1403,Roraima_RESTO_UF,Roraima,RR,NORTE,RESTO_UF
1403,Roraima_RESTO_UF,Roraima,RR,NORTE,RESTO_UF
1404,Roraima_RURAL,Roraima,RR,NORTE,RURAL
1405,Roraima_RURAL,Roraima,RR,NORTE,RURAL
1501,Pará_CAPITAL,Pará,PA,NORTE,CAPITAL
1502,Pará_CAPITAL,Pará,PA,NORTE,CAPITAL
1503,Pará_CAPITAL,Pará,PA,NORTE,CAPITAL
1504,Pará_RESTO_RM,Pará,PA,NORTE,RESTO_RM
1505,Pará_RESTO_RM,Pará,PA,NORTE,RESTO_RM
1506,Pará_RESTO_UF,Pará,PA,NORTE,RESTO_UF
1507,Pará_RESTO_UF,Pará,PA,NORTE,RESTO_UF
1508,Pará_RESTO_UF,Pará,PA,NORTE,RESTO_UF
1509,Pará_RESTO_UF,Pará,PA,NORTE,RESTO_UF
1510,Pará_RESTO_UF,Pará,PA,NORTE,RESTO_UF
1511,Pará_RESTO_UF,Pará,PA,NORTE,RESTO_UF
1512,Pará_RURAL,Pará,PA,NORTE,RURAL
1513,Pará_RURAL,Pará,PA,NORTE,RURAL
1514,Pará_RURAL,Pará,PA,NORTE,RURAL
1515,Pará_RURAL,Pará,PA,NORTE,RURAL
1516,Pará_RURAL,Pará,PA,NORTE,RURAL
1517,Pará_RURAL,Pará,PA,NORTE,RURAL
1518,Pará_RURAL,Pará,PA,NORTE,RURAL
1519,Pará_RURAL,Pará,PA,NORTE,RURAL
1601,Amapá_CAPITAL,Amapá,AP,NORTE,CAPITAL
1602,Amapá_CAPITAL,Amapá,AP,NORTE,CAPITAL
1603,Amapá_RESTO_RM,Amapá,AP,NORTE,RESTO_RM
1603,Amapá_RESTO_RM,Amapá,AP,NORTE,RESTO_RM
1604,Amapá_RESTO_UF,Amapá,AP,NORTE,RESTO_UF
1604,Amapá_RESTO_UF,Amapá,AP,NORTE,RESTO_UF
1605,Amapá_RURAL,Amapá,AP,NORTE,RURAL
1606,Amapá_RURAL,Amapá,AP,NORTE,RURAL
1607,Amapá_RURAL,Amapá,AP,NORTE,RURAL
1701,Tocantins_CAPITAL,Tocantins,TO,NORTE,CAPITAL
1701,Tocantins_CAPITAL,Tocantins,TO,NORTE,CAPITAL
1702,Tocantins_RESTO_UF,Tocantins,TO,NORTE,RESTO_UF
1703,Tocantins_RESTO_UF,Tocantins,TO,NORTE,RESTO_UF
1704,Tocantins_RESTO_UF,Tocantins,TO,NORTE,RESTO_UF
1705,Tocantins_RESTO_UF,Tocantins,TO,NORTE,RESTO_UF
1706,Tocantins_RURAL,Tocantins,TO,NORTE,RURAL
1707,Tocantins_RURAL,Tocantins,TO,NORTE,RURAL
1708,Tocantins_RURAL,Tocantins,TO,NORTE,RURAL
2101,Maranhão_CAPITAL,Maranhão,MA,NORDESTE,CAPITAL
2102,Maranhão_CAPITAL,Maranhão,MA,NORDESTE,CAPITAL
2103,Maranhão_CAPITAL,Maranhão,MA,NORDESTE,CAPITAL
2104,Maranhão_RESTO_RM,Maranhão,MA,NORDESTE,RESTO_RM
2104,Maranhão_RESTO_RM,Maranhão,MA,NORDESTE,RESTO_RM
2105,Maranhão_RESTO_UF,Maranhão,MA,NORDESTE,RESTO_UF
2106,Maranhão_RESTO_UF,Maranhão,MA,NORDESTE,RESTO_UF
2107,Maranhão_RESTO_UF,Maranhão,MA,NORDESTE,RESTO_UF
2108,Maranhão_RESTO_UF,Maranhão,MA,NORDESTE,RESTO_UF
2109,Maranhão_RESTO_UF,Maranhão,MA,NORDESTE,RESTO_UF
2110,Maranhão_RESTO_UF,Maranhão,MA,NORDESTE,RESTO_UF
2111,Maranhão_RESTO_UF,Maranhão,MA,NORDESTE,RESTO_UF
2112,Maranhão_RESTO_UF,Maranhão,MA,NORDESTE,RESTO_UF
2113,Maranhão_RESTO_UF,Maranhão,MA,NORDESTE,RESTO_UF
2114,Maranhão_RURAL,Maranhão,MA,NORDESTE,RURAL
2115,Maranhão_RURAL,Maranhão,MA,NORDESTE,RURAL
2116,Maranhão_RURAL,Maranhão,MA,NORDESTE,RURAL
2117,Maranhão_RURAL,Maranhão,MA,NORDESTE,RURAL
2118,Maranhão_RURAL,Maranhão,MA,NORDESTE,RURAL
2119,Maranhão_RURAL,Maranhão,MA,NORDESTE,RURAL
2120,Maranhão_RURAL,Maranhão,MA,NORDESTE,RURAL
2121,Maranhão_RURAL,Maranhão,MA,NORDESTE,RURAL
2122,Maranhão_RURAL,Maranhão,MA,NORDESTE,RURAL
2123,Maranhão_RURAL,Maranhão,MA,NORDESTE,RURAL
2124,Maranhão_RURAL,Maranhão,MA,NORDESTE,RURAL
2125,Maranhão_RURAL,Maranhão,MA,NORDESTE,RURAL
2201,Piauí_CAPITAL,Piauí,PI,NORDESTE,CAPITAL
2202,Piauí_CAPITAL,Piauí,PI,NORDESTE,CAPITAL
2203,Piauí_CAPITAL,Piauí,PI,NORDESTE,CAPITAL
2204,Piauí_RESTO_UF,Piauí,PI,NORDESTE,RESTO_UF
2205,Piauí_RESTO_UF,Piauí,PI,NORDESTE,RESTO_UF
2206,Piauí_RESTO_UF,Piauí,PI,NORDESTE,RESTO_UF
2207,Piauí_RESTO_UF,Piauí,PI,NORDESTE,RESTO_UF
2208,Piauí_RESTO_UF,Piauí,PI,NORDESTE,RESTO_UF
2209,Piauí_RESTO_UF,Piauí,PI,NORDESTE,RESTO_UF
2210,Piauí_RURAL,Piauí,PI,NORDESTE,RURAL
2211,Piauí_RURAL,Piauí,PI,NORDESTE,RURAL
2212,Piauí_RURAL,Piauí,PI,NORDESTE,RURAL
2213,Piauí_RURAL,Piauí,PI,NORDESTE,RURAL
2214,Piauí_RURAL,Piauí,PI,NORDESTE,RURAL
2215,Piauí_RURAL,Piauí,PI,NORDESTE,RURAL
2216,Piauí_RURAL,Piauí,PI,NORDESTE,RURAL
2217,Piauí_RURAL,Piauí,PI,NORDESTE,RURAL
2301,Ceará_CAPITAL,Ceará,CE,NORDESTE,CAPITAL
2302,Ceará_CAPITAL,Ceará,CE,NORDESTE,CAPITAL
2303,Ceará_CAPITAL,Ceará,CE,NORDESTE,CAPITAL
2304,Ceará_CAPITAL,Ceará,CE,NORDESTE,CAPITAL
2305,Ceará_CAPITAL,Ceará,CE,NORDESTE,CAPITAL
2306,Ceará_CAPITAL,Ceará,CE,NORDESTE,CAPITAL
2307,Ceará_RESTO_RM,Ceará,CE,NORDESTE,RESTO_RM
2308,Ceará_RESTO_RM,Ceará,CE,NORDESTE,RESTO_RM
2309,Ceará_RESTO_RM,Ceará,CE,NORDESTE,RESTO_RM
2310,Ceará_RESTO_UF,Ceará,CE,NORDESTE,RESTO_UF
2311,Ceará_RESTO_UF,Ceará,CE,NORDESTE,RESTO_UF
2312,Ceará_RESTO_UF,Ceará,CE,NORDESTE,RESTO_UF
2313,Ceará_RESTO_UF,Ceará,CE,NORDESTE,RESTO_UF
2314,Ceará_RESTO_UF,Ceará,CE,NORDESTE,RESTO_UF
2315,Ceará_RESTO_UF,Ceará,CE,NORDESTE,RESTO_UF
2316,Ceará_RESTO_UF,Ceará,CE,NORDESTE,RESTO_UF
2317,Ceará_RESTO_UF,Ceará,CE,NORDESTE,RESTO_UF
2318,Ceará_RESTO_UF,Ceará,CE,NORDESTE,RESTO_UF
2319,Ceará_RESTO_UF,Ceará,CE,NORDESTE,RESTO_UF
2320,Ceará_RESTO_UF,Ceará,CE,NORDESTE,RESTO_UF
2321,Ceará_RURAL,Ceará,CE,NORDESTE,RURAL
2322,Ceará_RURAL,Ceará,CE,NORDESTE,RURAL
2323,Ceará_RURAL,Ceará,CE,NORDESTE,RURAL
2324,Ceará_RURAL,Ceará,CE,NORDESTE,RURAL
2325,Ceará_RURAL,Ceará,CE,NORDESTE,RURAL
2326,Ceará_RURAL,Ceará,CE,NORDESTE,RURAL
2327,Ceará_RURAL,Ceará,CE,NORDESTE,RURAL
2328,Ceará_RURAL,Ceará,CE,NORDESTE,RURAL
2329,Ceará_RURAL,Ceará,CE,NORDESTE,RURAL
2330,Ceará_RURAL,Ceará,CE,NORDESTE,RURAL
2401,Rio Grande do Norte_CAPITAL,Rio Grande do Norte,RN,NORDESTE,CAPITAL
2402,Rio Grande do Norte_CAPITAL,Rio Grande do Norte,RN,NORDESTE,CAPITAL
2403,Rio Grande do Norte_RESTO_RM,Rio Grande do Norte,RN,NORDESTE,RESTO_RM
2403,Rio Grande do Norte_RESTO_RM,Rio Grande do Norte,RN,NORDESTE,RESTO_RM
2404,Rio Grande do Norte_RESTO_UF,Rio Grande do Norte,RN,NORDESTE,RESTO_UF
2405,Rio Grande do Norte_RESTO_UF,Rio Grande do Norte,RN,NORDESTE,RESTO_UF
2406,Rio Grande do Norte_RESTO_UF,Rio Grande do Norte,RN,NORDESTE,RESTO_UF
2407,Rio Grande do Norte_RESTO_UF,Rio Grande do Norte,RN,NORDESTE,RESTO_UF
2408,Rio Grande do Norte_RESTO_UF,Rio Grande do Norte,RN,NORDESTE,RESTO_UF
2409,Rio Grande do Norte_RURAL,Rio Grande do Norte,RN,NORDESTE,RURAL
2410,Rio Grande do Norte_RURAL,Rio Grande do Norte,RN,NORDESTE,RURAL
2411,Rio Grande do Norte_RURAL,Rio Grande do Norte,RN,NORDESTE,RURAL
2412,Rio Grande do Norte_RURAL,Rio Grande do Norte,RN,NORDESTE,RURAL
2501,Paraíba_CAPITAL,Paraíba,PB,NORDESTE,CAPITAL
2502,Paraíba_CAPITAL,Paraíba,PB,NORDESTE,CAPITAL
2503,Paraíba_CAPITAL,Paraíba,PB,NORDESTE,CAPITAL
2504,Paraíba_RESTO_RM,Paraíba,PB,NORDESTE,RESTO_RM
2505,Paraíba_RESTO_RM,Paraíba,PB,NORDESTE,RESTO_RM
2506,Paraíba_RESTO_UF,Paraíba,PB,NORDESTE,RESTO_UF
2507,Paraíba_RESTO_UF,Paraíba,PB,NORDESTE,RESTO_UF
2508,Paraíba_RESTO_UF,Paraíba,PB,NORDESTE,RESTO_UF
2509,Paraíba_RESTO_UF,Paraíba,PB,NORDESTE,RESTO_UF
2510,Paraíba_RESTO_UF,Paraíba,PB,NORDESTE,RESTO_UF
2511,Paraíba_RESTO_UF,Paraíba,PB,NORDESTE,RESTO_UF
2512,Paraíba_RURAL,Paraíba,PB,NORDESTE,RURAL
2513,Paraíba_RURAL,Paraíba,PB,NORDESTE,RURAL
2514,Paraíba_RURAL,Paraíba,PB,NORDESTE,RURAL
2515,Paraíba_RURAL,Paraíba,PB,NORDESTE,RURAL
2516,Paraíba_RURAL,Paraíba,PB,NORDESTE,RURAL
2517,Paraíba_RURAL,Paraíba,PB,NORDESTE,RURAL
2518,Paraíba_RURAL,Paraíba,PB,NORDESTE,RURAL
2601,Pernambuco_CAPITAL,Pernambuco,PE,NORDESTE,CAPITAL
2602,Pernambuco_CAPITAL,Pernambuco,PE,NORDESTE,CAPITAL
2603,Pernambuco_CAPITAL,Pernambuco,PE,NORDESTE,CAPITAL
2604,Pernambuco_RESTO_RM,Pernambuco,PE,NORDESTE,RESTO_RM
2605,Pernambuco_RESTO_RM,Pernambuco,PE,NORDESTE,RESTO_RM
2606,Pernambuco_RESTO_RM,Pernambuco,PE,NORDESTE,RESTO_RM
2607,Pernambuco_RESTO_UF,Pernambuco,PE,NORDESTE,RESTO_UF
2608,Pernambuco_RESTO_UF,Pernambuco,PE,NORDESTE,RESTO_UF
2609,Pernambuco_RESTO_UF,Pernambuco,PE,NORDESTE,RESTO_UF
2610,Pernambuco_RESTO_UF,Pernambuco,PE,NORDESTE,RESTO_UF
2611,Pernambuco_RESTO_UF,Pernambuco,PE,NORDESTE,RESTO_UF
2612,Pernambuco_RESTO_UF,Pernambuco,PE,NORDESTE,RESTO_UF
2613,Pernambuco_RESTO_UF,Pernambuco,PE,NORDESTE,RESTO_UF
2614,Pernambuco_RESTO_UF,Pernambuco,PE,NORDESTE,RESTO_UF
2615,Pernambuco_RESTO_UF,Pernambuco,PE,NORDESTE,RESTO_UF
2616,Pernambuco_RURAL,Pernambuco,PE,NORDESTE,RURAL
2617,Pernambuco_RURAL,Pernambuco,PE,NORDESTE,RURAL
2618,Pernambuco_RURAL,Pernambuco,PE,NORDESTE,RURAL
2619,Pernambuco_RURAL,Pernambuco,PE,NORDESTE,RURAL
2620,Pernambuco_RURAL,Pernambuco,PE,NORDESTE,RURAL
2621,Pernambuco_RURAL,Pernambuco,PE,NORDESTE,RURAL
2622,Pernambuco_RURAL,Pernambuco,PE,NORDESTE,RURAL
2623,Pernambuco_RURAL,Pernambuco,PE,NORDESTE,RURAL
2624,Pernambuco_RURAL,Pernambuco,PE,NORDESTE,RURAL
2701,Alagoas_CAPITAL,Alagoas,AL,NORDESTE,CAPITAL
2702,Alagoas_CAPITAL,Alagoas,AL,NORDESTE,CAPITAL
2703,Alagoas_CAPITAL,Alagoas,AL,NORDESTE,CAPITAL
2704,Alagoas_RESTO_RM,Alagoas,AL,NORDESTE,RESTO_RM
2704,Alagoas_RESTO_RM,Alagoas,AL,NORDESTE,RESTO_RM
2705,Alagoas_RESTO_UF,Alagoas,AL,NORDESTE,RESTO_UF
2706,Alagoas_RESTO_UF,Alagoas,AL,NORDESTE,RESTO_UF
2707,Alagoas_RESTO_UF,Alagoas,AL,NORDESTE,RESTO_UF
2708,Alagoas_RESTO_UF,Alagoas,AL,NORDESTE,RESTO_UF
2709,Alagoas_RURAL,Alagoas,AL,NORDESTE,RURAL
2710,Alagoas_RURAL,Alagoas,AL,NORDESTE,RURAL
2711,Alagoas_RURAL,Alagoas,AL,NORDESTE,RURAL
2712,Alagoas_RURAL,Alagoas,AL,NORDESTE,RURAL
2713,Alagoas_RURAL,Alagoas,AL,NORDESTE,RURAL
2801,Sergipe_CAPITAL,Sergipe,SE,NORDESTE,CAPITAL
2802,Sergipe_CAPITAL,Sergipe,SE,NORDESTE,CAPITAL
2803,Sergipe_RESTO_RM,Sergipe,SE,NORDESTE,RESTO_RM
2803,Sergipe_RESTO_RM,Sergipe,SE,NORDESTE,RESTO_RM
2804,Sergipe_RESTO_UF,Sergipe,SE,NORDESTE,RESTO_UF
2805,Sergipe_RESTO_UF,Sergipe,SE,NORDESTE,RESTO_UF
2806,Sergipe_RESTO_UF,Sergipe,SE,NORDESTE,RESTO_UF
2807,Sergipe_RURAL,Sergipe,SE,NORDESTE,RURAL
2808,Sergipe_RURAL,Sergipe,SE,NORDESTE,RURAL
2809,Sergipe_RURAL,Sergipe,SE,NORDESTE,RURAL
2810,Sergipe_RURAL,Sergipe,SE,NORDESTE,RURAL
2901,Bahia_CAPITAL,Bahia,BA,NORDESTE,CAPITAL
2902,Bahia_CAPITAL,Bahia,BA,NORDESTE,CAPITAL
2903,Bahia_CAPITAL,Bahia,BA,NORDESTE,CAPITAL
2904,Bahia_CAPITAL,Bahia,BA,NORDESTE,CAPITAL
2905,Bahia_CAPITAL,Bahia,BA,NORDESTE,CAPITAL
2906,Bahia_CAPITAL,Bahia,BA,NORDESTE,CAPITAL
2907,Bahia_RESTO_RM,Bahia,BA,NORDESTE,RESTO_RM
2908,Bahia_RESTO_RM,Bahia,BA,NORDESTE,RESTO_RM
2909,Bahia_RESTO_RM,Bahia,BA,NORDESTE,RESTO_RM
2910,Bahia_RESTO_UF,Bahia,BA,NORDESTE,RESTO_UF
2911,Bahia_RESTO_UF,Bahia,BA,NORDESTE,RESTO_UF
2912,Bahia_RESTO_UF,Bahia,BA,NORDESTE,RESTO_UF
2913,Bahia_RESTO_UF,Bahia,BA,NORDESTE,RESTO_UF
2914,Bahia_RESTO_UF,Bahia,BA,NORDESTE,RESTO_UF
2915,Bahia_RESTO_UF,Bahia,BA,NORDESTE,RESTO_UF
2916,Bahia_RESTO_UF,Bahia,BA,NORDESTE,RESTO_UF
2917,Bahia_RESTO_UF,Bahia,BA,NORDESTE,RESTO_UF
2918,Bahia_RESTO_UF,Bahia,BA,NORDESTE,RESTO_UF
2919,Bahia_RESTO_UF,Bahia,BA,NORDESTE,RESTO_UF
2920,Bahia_RESTO_UF,Bahia,BA,NORDESTE,RESTO_UF
2921,Bahia_RESTO_UF,Bahia,BA,NORDESTE,RESTO_UF
2922,Bahia_RESTO_UF,Bahia,BA,NORDESTE,RESTO_UF
2923,Bahia_RESTO_UF,Bahia,BA,NORDESTE,RESTO_UF
2924,Bahia_RESTO_UF,Bahia,BA,NORDESTE,RESTO_UF
2925,Bahia_RESTO_UF,Bahia,BA,NORDESTE,RESTO_UF
2926,Bahia_RURAL,Bahia,BA,NORDESTE,RURAL
2927,Bahia_RURAL,Bahia,BA,NORDESTE,RURAL
2928,Bahia_RURAL,Bahia,BA,NORDESTE,RURAL
2929,Bahia_RURAL,Bahia,BA,NORDESTE,RURAL
2930,Bahia_RURAL,Bahia,BA,NORDESTE,RURAL
2931,Bahia_RURAL,Bahia,BA,NORDESTE,RURAL
2932,Bahia_RURAL,Bahia,BA,NORDESTE,RURAL
2933,Bahia_RURAL,Bahia,BA,NORDESTE,RURAL
2934,Bahia_RURAL,Bahia,BA,NORDESTE,RURAL
2935,Bahia_RURAL,Bahia,BA,NORDESTE,RURAL
2936,Bahia_RURAL,Bahia,BA,NORDESTE,RURAL
2937,Bahia_RURAL,Bahia,BA,NORDESTE,RURAL
2938,Bahia_RURAL,Bahia,BA,NORDESTE,RURAL
2939,Bahia_RURAL,Bahia,BA,NORDESTE,RURAL
2940,Bahia_RURAL,Bahia,BA,NORDESTE,RURAL
2941,Bahia_RURAL,Bahia,BA,NORDESTE,RURAL
2942,Bahia_RURAL,Bahia,BA,NORDESTE,RURAL
3101,Minas Gerais_CAPITAL,Minas Gerais,MG,SUDESTE,CAPITAL
3102,Minas Gerais_CAPITAL,Minas Gerais,MG,SUDESTE,CAPITAL
3103,Minas Gerais_CAPITAL,Minas Gerais,MG,SUDESTE,CAPITAL
3104,Minas Gerais_CAPITAL,Minas Gerais,MG,SUDESTE,CAPITAL
3105,Minas Gerais_CAPITAL,Minas Gerais,MG,SUDESTE,CAPITAL
3106,Minas Gerais_CAPITAL,Minas Gerais,MG,SUDESTE,CAPITAL
3107,Minas Gerais_RESTO_RM,Minas Gerais,MG,SUDESTE,RESTO_RM
3108,Minas Gerais_RESTO_RM,Minas Gerais,MG,SUDESTE,RESTO_RM
3109,Minas Gerais_RESTO_RM,Minas Gerais,MG,SUDESTE,RESTO_RM
3110,Minas Gerais_RESTO_UF,Minas Gerais,MG,SUDESTE,RESTO_UF
3111,Minas Gerais_RESTO_UF,Minas Gerais,MG,SUDESTE,RESTO_UF
3112,Minas Gerais_RESTO_UF,Minas Gerais,MG,SUDESTE,RESTO_UF
3113,Minas Gerais_RESTO_UF,Minas Gerais,MG,SUDESTE,RESTO_UF
3114,Minas Gerais_RESTO_UF,Minas Gerais,MG,SUDESTE,RESTO_UF
3115,Minas Gerais_RESTO_UF,Minas Gerais,MG,SUDESTE,RESTO_UF
3116,Minas Gerais_RESTO_UF,Minas Gerais,MG,SUDESTE,RESTO_UF
3117,Minas Gerais_RESTO_UF,Minas Gerais,MG,SUDESTE,RESTO_UF
3118,Minas Gerais_RESTO_UF,Minas Gerais,MG,SUDESTE,RESTO_UF
3119,Minas Gerais_RESTO_UF,Minas Gerais,MG,SUDESTE,RESTO_UF
3120,Minas Gerais_RESTO_UF,Minas Gerais,MG,SUDESTE,RESTO_UF
3121,Minas Gerais_RESTO_UF,Minas Gerais,MG,SUDESTE,RESTO_UF
3122,Minas Gerais_RESTO_UF,Minas Gerais,MG,SUDESTE,RESTO_UF
3123,Minas Gerais_RESTO_UF,Minas Gerais,MG,SUDESTE,RESTO_UF
3124,Minas Gerais_RESTO_UF,Minas Gerais,MG,SUDESTE,RESTO_UF
3125,Minas Gerais_RESTO_UF,Minas Gerais,MG,SUDESTE,RESTO_UF
3126,Minas Gerais_RESTO_UF,Minas Gerais,MG,SUDESTE,RESTO_UF
3127,Minas Gerais_RESTO_UF,Minas Gerais,MG,SUDESTE,RESTO_UF
3128,Minas Gerais_RESTO_UF,Minas Gerais,MG,SUDESTE,RESTO_UF
3129,Minas Gerais_RESTO_UF,Minas Gerais,MG,SUDESTE,RESTO_UF
3130,Minas Gerais_RESTO_UF,Minas Gerais,MG,SUDESTE,RESTO_UF
3131,Minas Gerais_RURAL,Minas Gerais,MG,SUDESTE,RURAL
3132,Minas Gerais_RURAL,Minas Gerais,MG,SUDESTE,RURAL
3133,Minas Gerais_RURAL,Minas Gerais,MG,SUDESTE,RURAL
3134,Minas Gerais_RURAL,Minas Gerais,MG,SUDESTE,RURAL
3135,Minas Gerais_RURAL,Minas Gerais,MG,SUDESTE,RURAL
3136,Minas Gerais_RURAL,Minas Gerais,MG,SUDESTE,RURAL
3137,Minas Gerais_RURAL,Minas Gerais,MG,SUDESTE,RURAL
3138,Minas Gerais_RURAL,Minas Gerais,MG,SUDESTE,RURAL
3139,Minas Gerais_RURAL,Minas Gerais,MG,SUDESTE,RURAL
3140,Minas Gerais_RURAL,Minas Gerais,MG,SUDESTE,RURAL
3141,Minas Gerais_RURAL,Minas Gerais,MG,SUDESTE,RURAL
3142,Minas Gerais_RURAL,Minas Gerais,MG,SUDESTE,RURAL
3143,Minas Gerais_RURAL,Minas Gerais,MG,SUDESTE,RURAL
3144,Minas Gerais_RURAL,Minas Gerais,MG,SUDESTE,RURAL
3145,Minas Gerais_RURAL,Minas Gerais,MG,SUDESTE,RURAL
3146,Minas Gerais_RURAL,Minas Gerais,MG,SUDESTE,RURAL
3147,Minas Gerais_RURAL,Minas Gerais,MG,SUDESTE,RURAL
3148,Minas Gerais_RURAL,Minas Gerais,MG,SUDESTE,RURAL
3149,Minas Gerais_RURAL,Minas Gerais,MG,SUDESTE,RURAL
3201,Espírito Santo_CAPITAL,Espírito Santo,ES,SUDESTE,CAPITAL
3202,Espírito Santo_CAPITAL,Espírito Santo,ES,SUDESTE,CAPITAL
3203,Espírito Santo_RESTO_RM,Espírito Santo,ES,SUDESTE,RESTO_RM
3204,Espírito Santo_RESTO_RM,Espírito Santo,ES,SUDESTE,RESTO_RM
3205,Espírito Santo_RESTO_RM,Espírito Santo,ES,SUDESTE,RESTO_RM
3206,Espírito Santo_RESTO_UF,Espírito Santo,ES,SUDESTE,RESTO_UF
3207,Espírito Santo_RESTO_UF,Espírito Santo,ES,SUDESTE,RESTO_UF
3208,Espírito Santo_RESTO_UF,Espírito Santo,ES,SUDESTE,RESTO_UF
3209,Espírito Santo_RESTO_UF,Espírito Santo,ES,SUDESTE,RESTO_UF
3210,Espírito Santo_RESTO_UF,Espírito Santo,ES,SUDESTE,RESTO_UF
3211,Espírito Santo_RESTO_UF,Espírito Santo,ES,SUDESTE,RESTO_UF
3212,Espírito Santo_RURAL,Espírito Santo,ES,SUDESTE,RURAL
3213,Espírito Santo_RURAL,Espírito Santo,ES,SUDESTE,RURAL
3214,Espírito Santo_RURAL,Espírito Santo,ES,SUDESTE,RURAL
3215,Espírito Santo_RURAL,Espírito Santo,ES,SUDESTE,RURAL
3301,Rio de Janeiro_CAPITAL,Rio de Janeiro,RJ,SUDESTE,CAPITAL
3302,Rio de Janeiro_CAPITAL,Rio de Janeiro,RJ,SUDESTE,CAPITAL
3303,Rio de Janeiro_CAPITAL,Rio de Janeiro,RJ,SUDESTE,CAPITAL
3304,Rio de Janeiro_CAPITAL,Rio de Janeiro,RJ,SUDESTE,CAPITAL
3305,Rio de Janeiro_CAPITAL,Rio de Janeiro,RJ,SUDESTE,CAPITAL
3306,Rio de Janeiro_CAPITAL,Rio de Janeiro,RJ,SUDESTE,CAPITAL
3307,Rio de Janeiro_CAPITAL,Rio de Janeiro,RJ,SUDESTE,CAPITAL
3308,Rio de Janeiro_CAPITAL,Rio de Janeiro,RJ,SUDESTE,CAPITAL
3309,Rio de Janeiro_CAPITAL,Rio de Janeiro,RJ,SUDESTE,CAPITAL
3310,Rio de Janeiro_RESTO_RM,Rio de Janeiro,RJ,SUDESTE,RESTO_RM
3311,Rio de Janeiro_RESTO_RM,Rio de Janeiro,RJ,SUDESTE,RESTO_RM
3312,Rio de Janeiro_RESTO_RM,Rio de Janeiro,RJ,SUDESTE,RESTO_RM
3313,Rio de Janeiro_RESTO_RM,Rio de Janeiro,RJ,SUDESTE,RESTO_RM
3314,Rio de Janeiro_RESTO_RM,Rio de Janeiro,RJ,SUDESTE,RESTO_RM
3315,Rio de Janeiro_RESTO_RM,Rio de Janeiro,RJ,SUDESTE,RESTO_RM
3316,Rio de Janeiro_RESTO_RM,Rio de Janeiro,RJ,SUDESTE,RESTO_RM
3317,Rio de Janeiro_RESTO_RM,Rio de Janeiro,RJ,SUDESTE,RESTO_RM
3318,Rio de Janeiro_RESTO_RM,Rio de Janeiro,RJ,SUDESTE,RESTO_RM
3319,Rio de Janeiro_RESTO_UF,Rio de Janeiro,RJ,SUDESTE,RESTO_UF
3320,Rio de Janeiro_RESTO_UF,Rio de Janeiro,RJ,SUDESTE,RESTO_UF
3321,Rio de Janeiro_RESTO_UF,Rio de Janeiro,RJ,SUDESTE,RESTO_UF
3322,Rio de Janeiro_RESTO_UF,Rio de Janeiro,RJ,SUDESTE,RESTO_UF
3323,Rio de Janeiro_RESTO_UF,Rio de Janeiro,RJ,SUDESTE,RESTO_UF
3324,Rio de Janeiro_RESTO_UF,Rio de Janeiro,RJ,SUDESTE,RESTO_UF
3325,Rio de Janeiro_RESTO_UF,Rio de Janeiro,RJ,SUDESTE,RESTO_UF
3326,Rio de Janeiro_RESTO_UF,Rio de Janeiro,RJ,SUDESTE,RESTO_UF
3327,Rio de Janeiro_RESTO_UF,Rio de Janeiro,RJ,SUDESTE,RESTO_UF
3328,Rio de Janeiro_RESTO_UF,Rio de Janeiro,RJ,SUDESTE,RESTO_UF
3329,Rio de Janeiro_RESTO_UF,Rio de Janeiro,RJ,SUDESTE,RESTO_UF
3330,Rio de Janeiro_RESTO_UF,Rio de Janeiro,RJ,SUDESTE,RESTO_UF
3331,Rio de Janeiro_RURAL,Rio de Janeiro,RJ,SUDESTE,RURAL
3332,Rio de Janeiro_RURAL,Rio de Janeiro,RJ,SUDESTE,RURAL
3333,Rio de Janeiro_RURAL,Rio de Janeiro,RJ,SUDESTE,RURAL
3334,Rio de Janeiro_RURAL,Rio de Janeiro,RJ,SUDESTE,RURAL
3335,Rio de Janeiro_RURAL,Rio de Janeiro,RJ,SUDESTE,RURAL
3336,Rio de Janeiro_RURAL,Rio de Janeiro,RJ,SUDESTE,RURAL
3337,Rio de Janeiro_RURAL,Rio de Janeiro,RJ,SUDESTE,RURAL
3501,São Paulo_CAPITAL,São Paulo,SP,SUDESTE,CAPITAL
3502,São Paulo_CAPITAL,São Paulo,SP,SUDESTE,CAPITAL
3503,São Paulo_CAPITAL,São Paulo,SP,SUDESTE,CAPITAL
3504,São Paulo_CAPITAL,São Paulo,SP,SUDESTE,CAPITAL
3505,São Paulo_CAPITAL,São Paulo,SP,SUDESTE,CAPITAL
3506,São Paulo_CAPITAL,São Paulo,SP,SUDESTE,CAPITAL
3507,São Paulo_CAPITAL,São Paulo,SP,SUDESTE,CAPITAL
3508,São Paulo_CAPITAL,São Paulo,SP,SUDESTE,CAPITAL
3509,São Paulo_CAPITAL,São Paulo,SP,SUDESTE,CAPITAL
3510,São Paulo_RESTO_RM,São Paulo,SP,SUDESTE,RESTO_RM
3511,São Paulo_RESTO_RM,São Paulo,SP,SUDESTE,RESTO_RM
3512,São Paulo_RESTO_RM,São Paulo,SP,SUDESTE,RESTO_RM
3513,São Paulo_RESTO_RM,São Paulo,SP,SUDESTE,RESTO_RM
3514,São Paulo_RESTO_RM,São Paulo,SP,SUDESTE,RESTO_RM
3515,São Paulo_RESTO_RM,São Paulo,SP,SUDESTE,RESTO_RM
3516,São Paulo_RESTO_UF,São Paulo,SP,SUDESTE,RESTO_UF
3517,São Paulo_RESTO_UF,São Paulo,SP,SUDESTE,RESTO_UF
3518,São Paulo_RESTO_UF,São Paulo,SP,SUDESTE,RESTO_UF
3519,São Paulo_RESTO_UF,São Paulo,SP,SUDESTE,RESTO_UF
3520,São Paulo_RESTO_UF,São Paulo,SP,SUDESTE,RESTO_UF
3521,São Paulo_RESTO_UF,São Paulo,SP,SUDESTE,RESTO_UF
3522,São Paulo_RESTO_UF,São Paulo,SP,SUDESTE,RESTO_UF
3523,São Paulo_RESTO_UF,São Paulo,SP,SUDESTE,RESTO_UF
3524,São Paulo_RESTO_UF,São Paulo,SP,SUDESTE,RESTO_UF
3525,São Paulo_RESTO_UF,São Paulo,SP,SUDESTE,RESTO_UF
3526,São Paulo_RESTO_UF,São Paulo,SP,SUDESTE,RESTO_UF
3527,São Paulo_RESTO_UF,São Paulo,SP,SUDESTE,RESTO_UF
3528,São Paulo_RESTO_UF,São Paulo,SP,SUDESTE,RESTO_UF
3529,São Paulo_RESTO_UF,São Paulo,SP,SUDESTE,RESTO_UF
3530,São Paulo_RESTO_UF,São Paulo,SP,SUDESTE,RESTO_UF
3531,São Paulo_RESTO_UF,São Paulo,SP,SUDESTE,RESTO_UF
3532,São Paulo_RESTO_UF,São Paulo,SP,SUDESTE,RESTO_UF
3533,São Paulo_RESTO_UF,São Paulo,SP,SUDESTE,RESTO_UF
3534,São Paulo_RESTO_UF,São Paulo,SP,SUDESTE,RESTO_UF
3535,São Paulo_RESTO_UF,São Paulo,SP,SUDESTE,RESTO_UF
3536,São Paulo_RESTO_UF,São Paulo,SP,SUDESTE,RESTO_UF
3537,São Paulo_RURAL,São Paulo,SP,SUDESTE,RURAL
3538,São Paulo_RURAL,São Paulo,SP,SUDESTE,RURAL
3539,São Paulo_RURAL,São Paulo,SP,SUDESTE,RURAL
3540,São Paulo_RURAL,São Paulo,SP,SUDESTE,RURAL
3541,São Paulo_RURAL,São Paulo,SP,SUDESTE,RURAL
3542,São Paulo_RURAL,São Paulo,SP,SUDESTE,RURAL
3543,São Paulo_RURAL,São Paulo,SP,SUDESTE,RURAL
3544,São Paulo_RURAL,São Paulo,SP,SUDESTE,RURAL
3545,São Paulo_RURAL,São Paulo,SP,SUDESTE,RURAL
3546,São Paulo_RURAL,São Paulo,SP,SUDESTE,RURAL
3547,São Paulo_RURAL,São Paulo,SP,SUDESTE,RURAL
3548,São Paulo_RURAL,São Paulo,SP,SUDESTE,RURAL
3549,São Paulo_RURAL,São Paulo,SP,SUDESTE,RURAL
3550,São Paulo_RURAL,São Paulo,SP,SUDESTE,RURAL
3551,São Paulo_RURAL,São Paulo,SP,SUDESTE,RURAL
3552,São Paulo_RURAL,São Paulo,SP,SUDESTE,RURAL
3553,São Paulo_RURAL,São Paulo,SP,SUDESTE,RURAL
4101,Paraná_CAPITAL,Paraná,PR,SUL,CAPITAL
4102,Paraná_CAPITAL,Paraná,PR,SUL,CAPITAL
4103,Paraná_CAPITAL,Paraná,PR,SUL,CAPITAL
4104,Paraná_CAPITAL,Paraná,PR,SUL,CAPITAL
4105,Paraná_CAPITAL,Paraná,PR,SUL,CAPITAL
4106,Paraná_RESTO_RM,Paraná,PR,SUL,RESTO_RM
4107,Paraná_RESTO_RM,Paraná,PR,SUL,RESTO_RM
4108,Paraná_RESTO_RM,Paraná,PR,SUL,RESTO_RM
4109,Paraná_RESTO_UF,Paraná,PR,SUL,RESTO_UF
4110,Paraná_RESTO_UF,Paraná,PR,SUL,RESTO_UF
4111,Paraná_RESTO_UF,Paraná,PR,SUL,RESTO_UF
4112,Paraná_RESTO_UF,Paraná,PR,SUL,RESTO_UF
4113,Paraná_RESTO_UF,Paraná,PR,SUL,RESTO_UF
4114,Paraná_RESTO_UF,Paraná,PR,SUL,RESTO_UF
4115,Paraná_RESTO_UF,Paraná,PR,SUL,RESTO_UF
4116,Paraná_RESTO_UF,Paraná,PR,SUL,RESTO_UF
4117,Paraná_RESTO_UF,Paraná,PR,SUL,RESTO_UF
4118,Paraná_RESTO_UF,Paraná,PR,SUL,RESTO_UF
4119,Paraná_RESTO_UF,Paraná,PR,SUL,RESTO_UF
4120,Paraná_RESTO_UF,Paraná,PR,SUL,RESTO_UF
4121,Paraná_RESTO_UF,Paraná,PR,SUL,RESTO_UF
4122,Paraná_RESTO_UF,Paraná,PR,SUL,RESTO_UF
4123,Paraná_RESTO_UF,Paraná,PR,SUL,RESTO_UF
4124,Paraná_RESTO_UF,Paraná,PR,SUL,RESTO_UF
4125,Paraná_RURAL,Paraná,PR,SUL,RURAL
4126,Paraná_RURAL,Paraná,PR,SUL,RURAL
4127,Paraná_RURAL,Paraná,PR,SUL,RURAL
4128,Paraná_RURAL,Paraná,PR,SUL,RURAL
4129,Paraná_RURAL,Paraná,PR,SUL,RURAL
4130,Paraná_RURAL,Paraná,PR,SUL,RURAL
4131,Paraná_RURAL,Paraná,PR,SUL,RURAL
4132,Paraná_RURAL,Paraná,PR,SUL,RURAL
4133,Paraná_RURAL,Paraná,PR,SUL,RURAL
4134,Paraná_RURAL,Paraná,PR,SUL,RURAL
4135,Paraná_RURAL,Paraná,PR,SUL,RURAL
4201,Santa Catarina_CAPITAL,Santa Catarina,SC,SUL,CAPITAL
4202,Santa Catarina_CAPITAL,Santa Catarina,SC,SUL,CAPITAL
4203,Santa Catarina_RESTO_RM,Santa Catarina,SC,SUL,RESTO_RM
4204,Santa Catarina_RESTO_RM,Santa Catarina,SC,SUL,RESTO_RM
4205,Santa Catarina_RESTO_UF,Santa Catarina,SC,SUL,RESTO_UF
4206,Santa Catarina_RESTO_UF,Santa Catarina,SC,SUL,RESTO_UF
4207,Santa Catarina_RESTO_UF,Santa Catarina,SC,SUL,RESTO_UF
4208,Santa Catarina_RESTO_UF,Santa Catarina,SC,SUL,RESTO_UF
4209,Santa Catarina_RESTO_UF,Santa Catarina,SC,SUL,RESTO_UF
4210,Santa Catarina_RESTO_UF,Santa Catarina,SC,SUL,RESTO_UF
4211,Santa Catarina_RESTO_UF,Santa Catarina,SC,SUL,RESTO_UF
4212,Santa Catarina_RESTO_UF,Santa Catarina,SC,SUL,RESTO_UF
4213,Santa Catarina_RESTO_UF,Santa Catarina,SC,SUL,RESTO_UF
4214,Santa Catarina_RESTO_UF,Santa Catarina,SC,SUL,RESTO_UF
4215,Santa Catarina_RESTO_UF,Santa Catarina,SC,SUL,RESTO_UF
4216,Santa Catarina_RESTO_UF,Santa Catarina,SC,SUL,RESTO_UF
4217,Santa Catarina_RESTO_UF,Santa Catarina,SC,SUL,RESTO_UF
4218,Santa Catarina_RURAL,Santa Catarina,SC,SUL,RURAL
4219,Santa Catarina_RURAL,Santa Catarina,SC,SUL,RURAL
4220,Santa Catarina_RURAL,Santa Catarina,SC,SUL,RURAL
4221,Santa Catarina_RURAL,Santa Catarina,SC,SUL,RURAL
4222,Santa Catarina_RURAL,Santa Catarina,SC,SUL,RURAL
4223,Santa Catarina_RURAL,Santa Catarina,SC,SUL,RURAL
4224,Santa Catarina_RURAL,Santa Catarina,SC,SUL,RURAL
4225,Santa Catarina_RURAL,Santa Catarina,SC,SUL,RURAL
4226,Santa Catarina_RURAL,Santa Catarina,SC,SUL,RURAL
4301,Rio Grande Do Sul_CAPITAL,Rio Grande Do Sul,RS,SUL,CAPITAL
4302,Rio Grande Do Sul_CAPITAL,Rio Grande Do Sul,RS,SUL,CAPITAL
4303,Rio Grande Do Sul_CAPITAL,Rio Grande Do Sul,RS,SUL,CAPITAL
4304,Rio Grande Do Sul_CAPITAL,Rio Grande Do Sul,RS,SUL,CAPITAL
4305,Rio Grande Do Sul_CAPITAL,Rio Grande Do Sul,RS,SUL,CAPITAL
4306,Rio Grande Do Sul_CAPITAL,Rio Grande Do Sul,RS,SUL,CAPITAL
4307,Rio Grande Do Sul_RESTO_RM,Rio Grande Do Sul,RS,SUL,RESTO_RM
4308,Rio Grande Do Sul_RESTO_RM,Rio Grande Do Sul,RS,SUL,RESTO_RM
4309,Rio Grande Do Sul_RESTO_RM,Rio Grande Do Sul,RS,SUL,RESTO_RM
4310,Rio Grande Do Sul_RESTO_UF,Rio Grande Do Sul,RS,SUL,RESTO_UF
4311,Rio Grande Do Sul_RESTO_UF,Rio Grande Do Sul,RS,SUL,RESTO_UF
4312,Rio Grande Do Sul_RESTO_UF,Rio Grande Do Sul,RS,SUL,RESTO_UF
4313,Rio Grande Do Sul_RESTO_UF,Rio Grande Do Sul,RS,SUL,RESTO_UF
4314,Rio Grande Do Sul_RESTO_UF,Rio Grande Do Sul,RS,SUL,RESTO_UF
4315,Rio Grande Do Sul_RESTO_UF,Rio Grande Do Sul,RS,SUL,RESTO_UF
4316,Rio Grande Do Sul_RESTO_UF,Rio Grande Do Sul,RS,SUL,RESTO_UF
4317,Rio Grande Do Sul_RESTO_UF,Rio Grande Do Sul,RS,SUL,RESTO_UF
4318,Rio Grande Do Sul_RESTO_UF,Rio Grande Do Sul,RS,SUL,RESTO_UF
4319,Rio Grande Do Sul_RESTO_UF,Rio Grande Do Sul,RS,SUL,RESTO_UF
4320,Rio Grande Do Sul_RESTO_UF,Rio Grande Do Sul,RS,SUL,RESTO_UF
4321,Rio Grande Do Sul_RESTO_UF,Rio Grande Do Sul,RS,SUL,RESTO_UF
4322,Rio Grande Do Sul_RESTO_UF,Rio Grande Do Sul,RS,SUL,RESTO_UF
4323,Rio Grande Do Sul_RESTO_UF,Rio Grande Do Sul,RS,SUL,RESTO_UF
4324,Rio Grande Do Sul_RESTO_UF,Rio Grande Do Sul,RS,SUL,RESTO_UF
4325,Rio Grande Do Sul_RURAL,Rio Grande Do Sul,RS,SUL,RURAL
4326,Rio Grande Do Sul_RURAL,Rio Grande Do Sul,RS,SUL,RURAL
4327,Rio Grande Do Sul_RURAL,Rio Grande Do Sul,RS,SUL,RURAL
4328,Rio Grande Do Sul_RURAL,Rio Grande Do Sul,RS,SUL,RURAL
4329,Rio Grande Do Sul_RURAL,Rio Grande Do Sul,RS,SUL,RURAL
4330,Rio Grande Do Sul_RURAL,Rio Grande Do Sul,RS,SUL,RURAL
4331,Rio Grande Do Sul_RURAL,Rio Grande Do Sul,RS,SUL,RURAL
4332,Rio Grande Do Sul_RURAL,Rio Grande Do Sul,RS,SUL,RURAL
4333,Rio Grande Do Sul_RURAL,Rio Grande Do Sul,RS,SUL,RURAL
4334,Rio Grande Do Sul_RURAL,Rio Grande Do Sul,RS,SUL,RURAL
4335,Rio Grande Do Sul_RURAL,Rio Grande Do Sul,RS,SUL,RURAL
5001,Mato Grosso do Sul_CAPITAL,Mato Grosso do Sul,MS,CENTRO-OESTE,CAPITAL
5002,Mato Grosso do Sul_CAPITAL,Mato Grosso do Sul,MS,CENTRO-OESTE,CAPITAL
5003,Mato Grosso do Sul_CAPITAL,Mato Grosso do Sul,MS,CENTRO-OESTE,CAPITAL
5004,Mato Grosso do Sul_RESTO_UF,Mato Grosso do Sul,MS,CENTRO-OESTE,RESTO_UF
5005,Mato Grosso do Sul_RESTO_UF,Mato Grosso do Sul,MS,CENTRO-OESTE,RESTO_UF
5006,Mato Grosso do Sul_RESTO_UF,Mato Grosso do Sul,MS,CENTRO-OESTE,RESTO_UF
5007,Mato Grosso do Sul_RESTO_UF,Mato Grosso do Sul,MS,CENTRO-OESTE,RESTO_UF
5008,Mato Grosso do Sul_RESTO_UF,Mato Grosso do Sul,MS,CENTRO-OESTE,RESTO_UF
5009,Mato Grosso do Sul_RESTO_UF,Mato Grosso do Sul,MS,CENTRO-OESTE,RESTO_UF
5010,Mato Grosso do Sul_RURAL,Mato Grosso do Sul,MS,CENTRO-OESTE,RURAL
5011,Mato Grosso do Sul_RURAL,Mato Grosso do Sul,MS,CENTRO-OESTE,RURAL
5012,Mato Grosso do Sul_RURAL,Mato Grosso do Sul,MS,CENTRO-OESTE,RURAL
5013,Mato Grosso do Sul_RURAL,Mato Grosso do Sul,MS,CENTRO-OESTE,RURAL
5101,Mato Grosso_CAPITAL,Mato Grosso,MT,CENTRO-OESTE,CAPITAL
5102,Mato Grosso_CAPITAL,Mato Grosso,MT,CENTRO-OESTE,CAPITAL
5103,Mato Grosso_RESTO_RM,Mato Grosso,MT,CENTRO-OESTE,RESTO_RM
5103,Mato Grosso_RESTO_RM,Mato Grosso,MT,CENTRO-OESTE,RESTO_RM
5104,Mato Grosso_RESTO_UF,Mato Grosso,MT,CENTRO-OESTE,RESTO_UF
5105,Mato Grosso_RESTO_UF,Mato Grosso,MT,CENTRO-OESTE,RESTO_UF
5106,Mato Grosso_RESTO_UF,Mato Grosso,MT,CENTRO-OESTE,RESTO_UF
5107,Mato Grosso_RESTO_UF,Mato Grosso,MT,CENTRO-OESTE,RESTO_UF
5108,Mato Grosso_RESTO_UF,Mato Grosso,MT,CENTRO-OESTE,RESTO_UF
5109,Mato Grosso_RESTO_UF,Mato Grosso,MT,CENTRO-OESTE,RESTO_UF
5110,Mato Grosso_RESTO_UF,Mato Grosso,MT,CENTRO-OESTE,RESTO_UF
5111,Mato Grosso_RESTO_UF,Mato Grosso,MT,CENTRO-OESTE,RESTO_UF
5112,Mato Grosso_RESTO_UF,Mato Grosso,MT,CENTRO-OESTE,RESTO_UF
5113,Mato Grosso_RURAL,Mato Grosso,MT,CENTRO-OESTE,RURAL
5114,Mato Grosso_RURAL,Mato Grosso,MT,CENTRO-OESTE,RURAL
5115,Mato Grosso_RURAL,Mato Grosso,MT,CENTRO-OESTE,RURAL
5116,Mato Grosso_RURAL,Mato Grosso,MT,CENTRO-OESTE,RURAL
5117,Mato Grosso_RURAL,Mato Grosso,MT,CENTRO-OESTE,RURAL
5118,Mato Grosso_RURAL,Mato Grosso,MT,CENTRO-OESTE,RURAL
5201,Goiás_CAPITAL,Goiás,GO,CENTRO-OESTE,CAPITAL
5202,Goiás_CAPITAL,Goiás,GO,CENTRO-OESTE,CAPITAL
5203,Goiás_CAPITAL,Goiás,GO,CENTRO-OESTE,CAPITAL
5204,Goiás_RESTO_RM,Goiás,GO,CENTRO-OESTE,RESTO_RM
5205,Goiás_RESTO_RM,Goiás,GO,CENTRO-OESTE,RESTO_RM
5206,Goiás_RESTO_RM,Goiás,GO,CENTRO-OESTE,RESTO_RM
5207,Goiás_RESTO_UF,Goiás,GO,CENTRO-OESTE,RESTO_UF
5208,Goiás_RESTO_UF,Goiás,GO,CENTRO-OESTE,RESTO_UF
5209,Goiás_RESTO_UF,Goiás,GO,CENTRO-OESTE,RESTO_UF
5210,Goiás_RESTO_UF,Goiás,GO,CENTRO-OESTE,RESTO_UF
5211,Goiás_RESTO_UF,Goiás,GO,CENTRO-OESTE,RESTO_UF
5212,Goiás_RESTO_UF,Goiás,GO,CENTRO-OESTE,RESTO_UF
5213,Goiás_RESTO_UF,Goiás,GO,CENTRO-OESTE,RESTO_UF
5214,Goiás_RESTO_UF,Goiás,GO,CENTRO-OESTE,RESTO_UF
5215,Goiás_RESTO_UF,Goiás,GO,CENTRO-OESTE,RESTO_UF
5216,Goiás_RESTO_UF,Goiás,GO,CENTRO-OESTE,RESTO_UF
5217,Goiás_RESTO_UF,Goiás,GO,CENTRO-OESTE,RESTO_UF
5218,Goiás_RURAL,Goiás,GO,CENTRO-OESTE,RURAL
5219,Goiás_RURAL,Goiás,GO,CENTRO-OESTE,RURAL
5220,Goiás_RURAL,Goiás,GO,CENTRO-OESTE,RURAL
5221,Goiás_RURAL,Goiás,GO,CENTRO-OESTE,RURAL
5222,Goiás_RURAL,Goiás,GO,CENTRO-OESTE,RURAL
5223,Goiás_RURAL,Goiás,GO,CENTRO-OESTE,RURAL
5224,Goiás_RURAL,Goiás,GO,CENTRO-OESTE,RURAL
5225,Goiás_RURAL,Goiás,GO,CENTRO-OESTE,RURAL
5301,Distrito Federal_DF_URBANO,Distrito Federal,DF,CENTRO-OESTE,DF_URBANO
5302,Distrito Federal_DF_URBANO,Distrito Federal,DF,CENTRO-OESTE,DF_URBANO
5303,Distrito Federal_DF_URBANO,Distrito Federal,DF,CENTRO-OESTE,DF_URBANO
5304,Distrito Federal_DF_URBANO,Distrito Federal,DF,CENTRO-OESTE,DF_URBANO
5305,Distrito Federal_DF_URBANO,Distrito Federal,DF,CENTRO-OESTE,DF_URBANO
5306,Distrito Federal_DF_URBANO,Distrito Federal,DF,CENTRO-OESTE,DF_URBANO
5307,Distrito Federal_RURAL,Distrito Federal,DF,CENTRO-OESTE,RURAL
5308,Distrito Federal_RURAL,Distrito Federal,DF,CENTRO-OESTE,RURAL
